timestamp,elapsed_seconds,child_pid,working_set_bytes,peak_working_set_bytes,private_memory_bytes,virtual_memory_bytes,thread_count,available_ram_bytes,total_ram_bytes,pagefile_current_usage_bytes,pagefile_allocated_bytes,repository_disk_free_bytes,temp_disk_free_bytes
2026-08-31T22:29:43.3088440+07:00,2.2462838,27168,4218880,4218880,815104,4347707392,3,0,0,0,0,,
2026-08-31T22:29:45.5400333+07:00,4.4591903,27168,4218880,4218880,815104,4347707392,3,0,0,0,0,,
2026-08-31T22:29:47.6752448+07:00,6.5953856,27168,4218880,4218880,815104,4347707392,3,0,0,0,0,,
2026-08-31T22:29:49.8223123+07:00,8.7422667,27168,4218880,4218880,815104,4347707392,3,0,0,0,0,,
2026-08-31T22:29:51.9687162+07:00,10.9230435,27168,4218880,4218880,815104,4347707392,3,0,0,0,0,,
2026-08-31T22:29:54.1456044+07:00,13.0702269,27168,4218880,4218880,815104,4347707392,3,0,0,0,0,,
2026-08-31T22:29:56.2937043+07:00,15.2122885,27168,4218880,4218880,815104,4347707392,3,0,0,0,0,,
2026-08-31T22:29:58.4398354+07:00,17.3603531,27168,4218880,4218880,815104,4347707392,3,0,0,0,0,,
2026-08-31T22:30:00.5877063+07:00,19.5030086,27168,4218880,4218880,815104,4347707392,3,0,0,0,0,,
2026-08-31T22:30:02.7261047+07:00,21.6522434,27168,4218880,4218880,815104,4347707392,3,0,0,0,0,,
2026-08-31T22:30:04.8920628+07:00,23.8134302,27168,4218880,4218880,815104,4347707392,3,0,0,0,0,,
2026-08-31T22:30:07.0304597+07:00,25.9535126,27168,4218880,4218880,815104,4347707392,3,0,0,0,0,,
2026-08-31T22:30:09.1915383+07:00,28.1108027,27168,4218880,4218880,815104,4347707392,3,0,0,0,0,,
2026-08-31T22:30:11.3409052+07:00,30.2638929,27168,4194304,4218880,761856,4345610240,1,0,0,0,0,,
2026-08-31T22:30:13.4962394+07:00,32.4154084,27168,4194304,4218880,761856,4345610240,1,0,0,0,0,,
2026-08-31T22:30:15.6395941+07:00,34.5642253,27168,4194304,4218880,761856,4345610240,1,0,0,0,0,,
2026-08-31T22:30:17.8276787+07:00,36.769159,27168,4194304,4218880,761856,4345610240,1,0,0,0,0,,
2026-08-31T22:30:19.9996560+07:00,38.9225054,27168,4194304,4218880,761856,4345610240,1,0,0,0,0,,
2026-08-31T22:30:22.1385862+07:00,41.0577083,27168,4194304,4218880,761856,4345610240,1,0,0,0,0,,
2026-08-31T22:30:24.2853634+07:00,43.2060992,27168,4194304,4218880,761856,4345610240,1,0,0,0,0,,
2026-08-31T22:30:26.4315969+07:00,45.3564595,27168,4194304,4218880,761856,4345610240,1,0,0,0,0,,
2026-08-31T22:30:28.5781154+07:00,47.500647,27168,4194304,4218880,761856,4345610240,1,0,0,0,0,,
2026-08-31T22:30:30.7192829+07:00,49.6458855,27168,4194304,4218880,761856,4345610240,1,0,0,0,0,,
2026-08-31T22:30:32.8762833+07:00,51.7946607,27168,4194304,4218880,761856,4345610240,1,0,0,0,0,,
2026-08-31T22:30:35.0113326+07:00,53.9272898,27168,4194304,4218880,761856,4345610240,1,0,0,0,0,,
2026-08-31T22:30:37.1807378+07:00,56.097226,27168,4194304,4218880,761856,4345610240,1,0,0,0,0,,
2026-08-31T22:30:39.3147456+07:00,58.2357407,27168,4194304,4218880,761856,4345610240,1,0,0,0,0,,
2026-08-31T22:30:41.4517247+07:00,60.3711575,27168,4194304,4218880,761856,4345610240,1,0,0,0,0,,
2026-08-31T22:30:43.5926811+07:00,62.5156855,27168,4194304,4218880,761856,4345610240,1,0,0,0,0,,
2026-08-31T22:30:45.7404671+07:00,64.6639977,27168,4194304,4218880,761856,4345610240,1,0,0,0,0,,
2026-08-31T22:30:47.8963950+07:00,66.8200833,27168,4194304,4218880,761856,4345610240,1,0,0,0,0,,
2026-08-31T22:30:50.0493044+07:00,68.9730898,27168,4194304,4218880,761856,4345610240,1,0,0,0,0,,
2026-08-31T22:30:52.1967246+07:00,71.1192593,27168,4194304,4218880,761856,4345610240,1,0,0,0,0,,
2026-08-31T22:30:54.3460644+07:00,73.2976801,27168,4194304,4218880,761856,4345610240,1,0,0,0,0,,
2026-08-31T22:30:56.5251830+07:00,75.4582569,27168,4194304,4218880,761856,4345610240,1,0,0,0,0,,
2026-08-31T22:30:58.6792858+07:00,77.6080445,27168,,,,,0,0,0,0,0,,
